"","cellLine","drug","conc","resp","SD","EC50","IC50","Amax","ActArea","l10.conc","inhib"
"8","A-375","PLX4720",8,-82,0.57,0.202794954,0.258287698,-79.39503479,2.9645,-5.09691001300806,18
"16","A2058","PLX4720",8,-29,3.33,0.698621452,8,-25.57912827,0.7129,-5.09691001300806,71
"24","SK-MEL-5","PLX4720",8,-64,2.01,0.212985426,0.369111031,-63.1432457,2.0478,-5.09691001300806,36
"32","WM-115","PLX4720",8,-38,16,1.070204616,8,-39.21532822,0.691,-5.09691001300806,62
"40","WM-983B","PLX4720",8,-87,5.02,0.473212808,0.51123476,-88.41945648,3.138,-5.09691001300806,13
"48","WM1799","PLX4720",8,-70,4.01,0.697920561,1.226397991,-69.3343811,1.9707,-5.09691001300806,30
"56","WM-88","PLX4720",8,-89,1.02,0.168979511,0.204083994,-87.52676392,3.4382,-5.09691001300806,11
"64","WM-793","PLX4720",8,-50,11.8,0.734471619,8,-49.33164597,1.3967,-5.09691001300806,50
